name,region,stateAbbr,stateSlug,locationSlug,slug,oldSlugs,locationType,address,city,stateCode,lat,lng,phone,placeId,cid,placeUrl,rating,reviewCount,canonical_route,discrepancy,resolution
"Mountain Spine & Orthopedics Hollywood, FL","Hollywood, FL",FL,florida,hollywood-orthopedics,hollywood-fl-orthopedics,hollywood-fl-orthopedics,office,"3500 Tyler St, Hollywood, FL 33021",,,26.0113548,-80.1789073,(561) 223-9959,ChIJB4w5HZ6r2YgRioDXW8nbjL0,13658533427783630986,https://www.google.com/maps?cid=13658533427783630986,5,28,/locations/florida/hollywood-orthopedics,legacy slug differs from canonical locationSlug,301 in place via LEGACY_LOCATION_REDIRECTS + next.config.ts
Mountain Spine & Orthopedics Altamonte Springs - Casselberry,"Altamonte Springs - Casselberry, FL",FL,florida,palm-springs-orthopedics,palm-springs-orthopedics,,office,"652 Palm Springs Dr, Altamonte Springs, FL 32701",,,28.6742451,-81.374189,(561) 223-9959,,,https://www.google.com/maps?cid=4386170917009331132,5,31,/locations/florida/palm-springs-orthopedics,,
Mountain Spine & Orthopedics Orlando,"Orlando, FL",FL,florida,orlando-orthopedics,orlando-orthopedics,,office,"6150 Metrowest Blvd STE 102, Orlando, FL 32835",,,28.5136111,-81.466257,(561) 223-9959,ChIJvwlQvKN554gRbKjdi5IPAJM,10592483445661608044,https://www.google.com/maps?cid=10592483445661608044,5,25,/locations/florida/orlando-orthopedics,,
Mountain Spine & Orthopedics Fort Pierce,"Fort Pierce, FL",FL,florida,fort-pierce-orthopedics,fort-pierce-orthopedics,,office,"2215 Nebraska Ave Suite 1C, Fort Pierce, FL 34950",,,27.4316576,-80.3483451,(561) 223-9959,ChIJt0ir7Mzx3ogRPKKGsVdXn4c,9772625750569427516,https://www.google.com/maps?cid=9772625750569427516,5,23,/locations/florida/fort-pierce-orthopedics,,
Mountain Spine & Orthopedics Palm Beach Gardens,"Palm Beach Gardens, FL",FL,florida,palm-beach-gardens-orthopedics,palm-beach-gardens-orthopedics,,office,"3355 Burns Rd STE 304, Palm Beach Gardens, FL 33410",,,26.8308619,-80.0874845,(561) 223-9959,ChIJSdUTGDAr34gRQzLE6KvLjIQ,9551232848950997571,https://www.google.com/maps?cid=9551232848950997571,5,33,/locations/florida/palm-beach-gardens-orthopedics,,
Mountain Spine & Orthopedics South Miami,"South Miami, FL",FL,florida,south-miami-orthopedics,miami-beach-orthopedics,miami-beach-orthopedics,office,"7000 SW 62nd Ave, Suite 330, Miami, FL 33143",,,25.6960207,-80.3012753,(561) 223-9959,ChIJ_f2WGiPH2YgRS3nv41xHZEY,5072257544612706635,https://www.google.com/maps?cid=5072257544612706635,5,27,/locations/florida/south-miami-orthopedics,"URL/title said Miami Beach; entity (name, region, GBP, lat/lng 25.696/-80.301, 7000 SW 62nd Ave) is South Miami",RENAMED 2026-08-29 to south-miami-orthopedics + 301; Ads PMax destination handoff required
Mountain Spine & Orthopedics Boca Raton,"Boca Raton, FL",FL,florida,boca-raton-orthopedics,boca-raton-orthopedics,,office,"1905 Clint Moore Rd #300, Boca Raton, FL 33496",,,26.408839,-80.125999,(561) 223-9959,ChIJs170rR8f2YgR7A_sXyPlbtY,15451539311650672620,https://www.google.com/maps?cid=15451539311650672620,5,29,/locations/florida/boca-raton-orthopedics,,
Mountain Spine & Orthopedics Altamonte Springs,"Central Pkwy Altamonte Springs, FL",FL,florida,altamonte-springs-orthopedics,altamonte-springs-orthopedics,,office,"499 E Central Pkwy, Suite 130, Altamonte Springs, FL 32701",,,28.6701508,-81.3745803,(561) 223-9959,ChIJUbdY9Fxx54gRl00KhSxpTm8,8020463626324954519,https://www.google.com/maps?cid=8020463626324954519,5,26,/locations/florida/altamonte-springs-orthopedics,,
Mountain Spine & Orthopedics Davenport,"Davenport, FL",FL,florida,davenport-orthopedics,davenport-orthopedics,,office,"2400 North Blvd W Suite C, Davenport, FL 33837",,,28.1657874,-81.6388572,(561) 223-9959,,,,5,22,/locations/florida/davenport-orthopedics,,
"Mountain Spine & Orthopedics Jacksonville, FL","Jacksonville, FL",FL,florida,jacksonville-orthopedics,jacksonville-orthopedics,,office,"1205 Monument Rd, Suite 202, Jacksonville, FL 32225",,,30.3418103,-81.5382893,(561) 223-9959,ChIJbexYmoC15YgRC4cJ_NR_NHo,8805803724154439435,https://www.google.com/maps?cid=8805803724154439435,5,24,/locations/florida/jacksonville-orthopedics,,
"Mountain Spine & Orthopedics Bridgewater, NJ","Bridgewater, NJ",NJ,new-jersey,bridgewater-orthopedics,bridgewater-orthopedics,,office,"1200 US-22 #14, Bridgewater, NJ 08807",,,40.5937911,-74.6589961,(973) 259-6756,,,,4.9,19,/locations/new-jersey/bridgewater-orthopedics,,
"Mountain Spine & Orthopedics Cherry Hill, NJ","Cherry Hill, NJ",NJ,new-jersey,cherry-hill-orthopedics,cherry-hill-orthopedics,,office,"100 Springdale Rd, Suite B5, Cherry Hill, NJ 08003",,,39.8611882,-74.976089,(973) 259-6756,ChIJSaQvEe7NxokRZcc_sm_7Lsk,14496800707702671205,https://www.google.com/maps?cid=14496800707702671205,4.9,22,/locations/new-jersey/cherry-hill-orthopedics,,
"Mountain Spine & Orthopedics Edison, NJ","Edison, NJ",NJ,new-jersey,edison-orthopedics,edison-orthopedics,,office,"25 Main St suite 12, Edison, NJ 08837",,,40.5218,-74.3644,(973) 259-6756,,,,4.9,24,/locations/new-jersey/edison-orthopedics,,
"Mountain Spine & Orthopedics Freehold, NJ","Freehold, NJ",NJ,new-jersey,freehold-orthopedics,freehold-orthopedics,,office,"77 Schanck Rd, Suite B17, Freehold, NJ 07728",,,40.2445,-74.2748,(973) 259-6756,,,,4.9,21,/locations/new-jersey/freehold-orthopedics,,
"Mountain Spine & Orthopedics Paramus, NJ","Paramus, NJ",NJ,new-jersey,paramus-orthopedics,paramus-orthopedics,,office,"140 NJ-17, Suite 101B, Paramus, NJ 07652",,,40.9412,-74.0725,(973) 259-6756,,,,5,20,/locations/new-jersey/paramus-orthopedics,,
Mountain Spine & Orthopedics West Orange Surgery Center,"West Orange, NJ",NJ,new-jersey,west-orange-surgery-center,west-orange-surgery-center,,surgery-center,"375 Mount Pleasant Ave, Unit 2E, West Orange, NJ 07052",,,40.7904153,-74.2611222,(973) 259-6756,ChIJZ-1D5W-rw4kRPQ8yRzAjNjE,3546060446860709693,https://www.google.com/maps?cid=3546060446860709693,5,18,/locations/new-jersey/west-orange-surgery-center,,
Mountain Spine & Orthopedics New York City,"New York, NY",NY,new-york,new-york-city-orthopedics,new-york-city-orthopedics,,office,"535 5th Ave, Suite 1012, New York, NY 10017",,,40.754155,-73.980395,(646) 389-5606,ChIJPUTbujZZwokRrZFeBgoeKlA,5776462500461449645,https://www.google.com/maps?cid=5776462500461449645,5,23,/locations/new-york/new-york-city-orthopedics,,
"Mountain Spine & Orthopedics Allentown, PA","Allentown, PA",PA,pennsylvania,allentown-orthopedics,allentown-orthopedics,,office,"451 W. Linden St., Allentown, PA 18102",,,40.6033,-75.4775,(561) 223-9959,,,,5,20,/locations/pennsylvania/allentown-orthopedics,,
Mountain Spine & Orthopedics Philadelphia (Walnut),"Philadelphia, PA",PA,pennsylvania,philadelphia-walnut-orthopedics,philadelphia-walnut-orthopedics,,office,"1601 Walnut St. Suite 514, Philadelphia, PA 19102",,,39.9496,-75.1685,(561) 223-9959,,,,5,22,/locations/pennsylvania/philadelphia-walnut-orthopedics,,
Mountain Spine & Orthopedics Philadelphia (Tioga),"Philadelphia, PA",PA,pennsylvania,philadelphia-tioga-orthopedics,philadelphia-tioga-orthopedics,,office,"2401 E. Tioga St., Philadelphia, PA 19134",,,39.9912,-75.0934,(561) 223-9959,,,,5,18,/locations/pennsylvania/philadelphia-tioga-orthopedics,,
Mountain Spine & Orthopedics Philadelphia (Germantown),"Philadelphia, PA",PA,pennsylvania,philadelphia-germantown-orthopedics,philadelphia-germantown-orthopedics,,office,"5245 Germantown Ave. Suite A, Philadelphia, PA 19144",,,40.0275,-75.1668,(561) 223-9959,,,,5,19,/locations/pennsylvania/philadelphia-germantown-orthopedics,,
"Mountain Spine & Orthopedics Voorhees Township, NJ","Voorhees, NJ",NJ,new-jersey,voorhees-orthopedics,voorhees-orthopedics,,office,"701 White Horse Rd Unit 5, Voorhees Township, NJ 08043",,,40.8512,-74.9984,(973) 259-6756,,,,4.9,19,/locations/new-jersey/voorhees-orthopedics,,
"Mountain Spine & Orthopedics Princeton, NJ","Princeton, NJ",NJ,new-jersey,princeton-orthopedics,princeton-orthopedics,,office,"601 Ewing Street, Suite A8, Princeton, NJ 08540",,,40.3573,-74.6672,(973) 259-6756,,,,4.9,17,/locations/new-jersey/princeton-orthopedics,,
